<?xml version="1.0" encoding="UTF-8"?>
<project-private xmlns="http://www.netbeans.org/ns/project-private/1">
    <editor-bookmarks xmlns="http://www.netbeans.org/ns/editor-bookmarks/2" lastBookmarkId="0"/>
    <open-files xmlns="http://www.netbeans.org/ns/projectui-open-files/2">
        <group>
            <file>file:/C:/Users/miria/OneDrive/Documentos/NetBeansProjects/limpieza/src/modelo/Actividad.java</file>
            <file>file:/C:/Users/miria/OneDrive/Documentos/NetBeansProjects/limpieza/src/mvc/app.java</file>
            <file>file:/C:/Users/miria/OneDrive/Documentos/NetBeansProjects/limpieza/src/vista/jefe.java</file>
            <file>file:/C:/Users/miria/OneDrive/Documentos/NetBeansProjects/limpieza/src/modelo/JefeCuadrilla.java</file>
            <file>file:/C:/Users/miria/OneDrive/Documentos/NetBeansProjects/limpieza/src/vista/admin.java</file>
            <file>file:/C:/Users/miria/OneDrive/Documentos/NetBeansProjects/limpieza/src/controlador/CtrlLimpieza.java</file>
            <file>file:/C:/Users/miria/OneDrive/Documentos/NetBeansProjects/limpieza/src/basededatos/crudActividad.java</file>
            <file>file:/C:/Users/miria/OneDrive/Documentos/NetBeansProjects/limpieza/src/modelo/Cuenta.java</file>
            <file>file:/C:/Users/miria/OneDrive/Documentos/NetBeansProjects/limpieza/src/modelo/Cuadrilla.java</file>
            <file>file:/C:/Users/miria/OneDrive/Documentos/NetBeansProjects/limpieza/src/vista/inicioSesion.java</file>
        </group>
    </open-files>
</project-private>
